ID,businessPartner,noteType,noteText,followUpDate,resolved,createdAt,createdBy,modifiedAt,modifiedBy
note-0001-0001,0000000001,LIGACAO,Contato realizado com cliente para discutir renovação do seguro auto. Cliente confirmou três ocorrências no ano e solicitou revisão de prêmio. Encaminhado para análise de risco.,2026-08-25,false,2026-08-15T10:00:00Z,ana.lima@portoseguro.com.br,2026-08-15T10:00:00Z,ana.lima@portoseguro.com.br
note-0001-0002,0000000001,EMAIL,Proposta enviada por e-mail com condições especiais para renovação mediante instalação de rastreador veicular. Aguardando confirmação do cliente.,2026-08-28,false,2026-08-16T14:00:00Z,ana.lima@portoseguro.com.br,2026-08-16T14:00:00Z,ana.lima@portoseguro.com.br
note-0002-0001,0000000002,REUNIAO,Reunião presencial na agência Jardins. Cliente confirmou interesse em renovação da apólice residencial com ampliação de cobertura. Proposta formal enviada.,2026-08-22,true,2026-08-10T09:00:00Z,carlos.souza@portoseguro.com.br,2026-08-10T09:00:00Z,carlos.souza@portoseguro.com.br
note-0002-0002,0000000002,COMPROMISSO,Cliente comprometeu-se a regularizar o pagamento e assinar nova apólice até 30/08/2026. Agendar follow-up.,2026-08-30,false,2026-08-12T11:00:00Z,carlos.souza@portoseguro.com.br,2026-08-12T11:00:00Z,carlos.souza@portoseguro.com.br
note-0004-0001,0000000004,LIGACAO,Contato para lembrete de parcelas em atraso. Cliente informou dificuldade temporária e solicitou parcelamento das parcelas vencidas.,2026-09-01,false,2026-08-05T10:00:00Z,carlos.souza@portoseguro.com.br,2026-08-05T10:00:00Z,carlos.souza@portoseguro.com.br
note-0005-0001,0000000005,INTERNO,Revisão interna de apólice empresarial após dois sinistros de grande porte. Encaminhar para comitê de subscrição para reavaliação de risco.,2026-08-25,false,2026-07-30T16:00:00Z,beatriz.costa@portoseguro.com.br,2026-07-30T16:00:00Z,beatriz.costa@portoseguro.com.br
note-0007-0001,0000000007,INTERNO,Caso encaminhado para equipe de investigação de fraudes após inconsistências no boletim de ocorrência. Aguardar parecer antes de qualquer comunicação com o cliente.,2026-08-20,false,2026-08-12T08:00:00Z,beatriz.costa@portoseguro.com.br,2026-08-12T08:00:00Z,beatriz.costa@portoseguro.com.br
note-0008-0001,0000000008,EMAIL,E-mail enviado informando sobre necessidade de atualização cadastral após mudança de endereço. Risco de alagamento identificado na nova região.,2026-09-10,false,2026-08-08T15:00:00Z,carlos.souza@portoseguro.com.br,2026-08-08T15:00:00Z,carlos.souza@portoseguro.com.br
note-0010-0001,0000000010,LIGACAO,Terceiro contato sobre atraso em prêmios. Cliente comprometeu-se a quitar até 05/09/2026. Caso não regularize enviar para cobrança.,2026-09-05,false,2026-08-01T09:00:00Z,beatriz.costa@portoseguro.com.br,2026-08-01T09:00:00Z,beatriz.costa@portoseguro.com.br
